AZUAY;CUENCA;CUENCA;10150
AZUAY;CUENCA;BA헲S;10151
AZUAY;CUENCA;CUMBE;10152
AZUAY;CUENCA;CHAUCHA;10153
AZUAY;CUENCA;CHECA (JIDCAY) ;10154
AZUAY;CUENCA;CHIQUINTAD;10155
AZUAY;CUENCA;LLACAO;10156
AZUAY;CUENCA;MOLLETURO;10157
AZUAY;CUENCA;NULTI;10158
AZUAY;CUENCA;OCTAVIO CORDERO PALACIOS (SANTA ROSA) ;10159
AZUAY;CUENCA;PACCHA;10160
AZUAY;CUENCA;QUINGEO;10161
AZUAY;CUENCA;RICAURTE;10162
AZUAY;CUENCA;SAN JOAQUIN;10163
AZUAY;CUENCA;SANTA ANA;10164
AZUAY;CUENCA;SAYAUSI;10165
AZUAY;CUENCA;SIDCAY;10166
AZUAY;CUENCA;SININCAY;10167
AZUAY;CUENCA;TARQUI;10168
AZUAY;CUENCA;TURI;10169
AZUAY;CUENCA;VALLE;10170
AZUAY;CUENCA;VICTORIA DEL PORTETE (IRQUIS);10171
AZUAY;GIRON;GIRON;10250
AZUAY;GIRON;ASUNCION;10251
AZUAY;GIRON;SAN GERARDO;10252
AZUAY;GUALACEO;GUALACEO;10350
AZUAY;GUALACEO;DANIEL CORDOVA TORAL (EL ORIENTE) ;10352
AZUAY;GUALACEO;JADAN;10353
AZUAY;GUALACEO;MARIANO MORENO;10354
AZUAY;GUALACEO;REMIGIO CRESPO TORAL (GULAG);10356
AZUAY;GUALACEO;SAN JUAN;10357
AZUAY;GUALACEO;ZHIDMAD;10358
AZUAY;GUALACEO;LUIS CORDERO VEGA;10359
AZUAY;GUALACEO;SIMON BOLIVAR (CAB. EN GA헤NZOL);10360
AZUAY;NABON; NABON;10450
AZUAY;NABON;COCHAPATA;10451
AZUAY;NABON;EL PROGRESO (CAB.EN ZHOTA) ;10452
AZUAY;NABON;LAS NIEVES (CHAYA);10453
AZUAY;PAUTE;PAUTE;10550
AZUAY;PAUTE;BULAN (JOSE VICTOR IZQUIERDO) ;10552
AZUAY;PAUTE;CHICAN (GUILLERMO ORTEGA) ;10553
AZUAY;PAUTE;EL CABO  ;10554
AZUAY;PAUTE;GUARAINAG;10556
AZUAY;PAUTE;SAN CRISTOBAL (CARLOS ORDO헨Z LAZO) ;10559
AZUAY;PAUTE;TOMEBAMBA;10561
AZUAY;PAUTE;DUG DUG;10562
AZUAY;PUCARA; PUCARA;10650
AZUAY;PUCARA;SAN RAFAEL DE SHARUG;10652
AZUAY;SAN FERNANDO; SAN FERNANDO;10750
AZUAY;SAN FERNANDO;CHUMBLIN;10751
AZUAY;SANTA ISABEL; SANTA ISABEL;10850
AZUAY;SANTA ISABEL;ABDON CALDERON  (LA UNION) ;10851
AZUAY;SANTA ISABEL;EL CARMEN DE PIJILI;10852
AZUAY;SANTA ISABEL;ZHAGLLI (SHAGLLI);10853
AZUAY;SIGSIG; SIGSIG;10950
AZUAY;SIGSIG;CUCHIL (CUTCHIL) ;10951
AZUAY;SIGSIG;JIMA (GIMA);10952
AZUAY;SIGSIG;GUEL;10953
AZUAY;SIGSIG;LUDO;10954
AZUAY;SIGSIG;SAN BARTOLOME;10955
AZUAY;SIGSIG;SAN JOSE DE RARANGA;10956
AZUAY;O헤;SAN FELIPE DE O헤;11050
AZUAY;O헤;SUSUDEL;11051
AZUAY;CHORDELEG;CHORDELEG;11150
AZUAY;CHORDELEG;PRINCIPAL;11151
AZUAY;CHORDELEG;LA UNION;11152
AZUAY;CHORDELEG;LUIS GALARZA ORELLANA (CAB.EN DELEGSOL) ;11153
AZUAY;CHORDELEG;SAN MARTIN DE PUZHIO;11154
AZUAY;EL PAN; EL PAN;11250
AZUAY;EL PAN;SAN VICENTE;11253
AZUAY;SEVILLA DE ORO; SEVILLA DE ORO;11350
AZUAY;SEVILLA DE ORO;AMALUZA;11351
AZUAY;SEVILLA DE ORO;PALMAS;11352
AZUAY;GUACHAPALA; GUACHAPALA;11450
AZUAY;CAMILO PONCE ENRIQUEZ;CAMILO PONCE ENRIQUEZ;11550
BOLIVAR;GUARANDA; GUARANDA;20150
BOLIVAR;GUARANDA;FACUNDO VELA;20151
BOLIVAR;GUARANDA;JULIO E. MORENO (CATANAHUAN GRANDE);20153
BOLIVAR;GUARANDA;SALINAS;20155
BOLIVAR;GUARANDA;SAN LORENZO;20156
BOLIVAR;GUARANDA;SAN SIMON (YACOTO);20157
BOLIVAR;GUARANDA;SANTAFE (SANTA FE);20158
BOLIVAR;GUARANDA;SIMIATUG;20159
BOLIVAR;GUARANDA;SAN LUIS DE PAMBIL;20160
BOLIVAR;CHILLANES; CHILLANES;20250
BOLIVAR;CHILLANES;SAN JOSE DEL TAMBO (TAMBOPAMBA);20251
BOLIVAR;CHIMBO;SAN JOSE DE CHIMBO;20350
BOLIVAR;CHIMBO;ASUNCION (ASANCOTO) ;20351
BOLIVAR;CHIMBO;MAGDALENA (CHAPACOTO);20353
BOLIVAR;CHIMBO;SAN SEBASTIAN;20354
BOLIVAR;CHIMBO;TELIMBELA;20355
BOLIVAR;ECHEANDIA; ECHEANDIA;20450
BOLIVAR;SAN MIGUEL;SAN MIGUEL;20550
BOLIVAR;SAN MIGUEL;BALSAPAMBA;20551
BOLIVAR;SAN MIGUEL;BILOVAN;20552
BOLIVAR;SAN MIGUEL;REGULO DE MORA;20553
BOLIVAR;SAN MIGUEL;SAN PABLO  (SAN PABLO DE ATENAS);20554
BOLIVAR;SAN MIGUEL;SANTIAGO;20555
BOLIVAR;SAN MIGUEL;SAN VICENTE;20556
BOLIVAR;CALUMA; CALUMA ;20650
BOLIVAR;LAS NAVES; LAS NAVES;20750
CA헤R;AZOGUES;AZOGUES;30150
CA헤R;AZOGUES;COJITAMBO;30151
CA헤R;AZOGUES;GUAPAN;30153
CA헤R;AZOGUES;JAVIER LOYOLA (CHUQUIPATA) ;30154
CA헤R;AZOGUES;LUIS CORDERO;30155
CA헤R;AZOGUES;PINDILIG;30156
CA헤R;AZOGUES;RIVERA;30157
CA헤R;AZOGUES;SAN MIGUEL;30158
CA헤R;AZOGUES;TADAY;30160
CA헤R;BIBLIAN; BIBLIAN;30250
CA헤R;BIBLIAN;NAZON (CAB. EN PAMPA DE DOMINGUEZ);30251
CA헤R;BIBLIAN;SAN FRANCISCO DE SAGEO;30252
CA헤R;BIBLIAN;TURUPAMBA;30253
CA헤R;BIBLIAN;JERUSALEN;30254
CA헤R;CA헤R;CA헤R;30350
CA헤R;CA헤R;CHONTAMARCA;30351
CA헤R;CA헤R;CHOROCOPTE;30352
CA헤R;CA헤R;GENERAL MORALES (SOCARTE) ;30353
CA헤R;CA헤R;GUALLETURO;30354
CA헤R;CA헤R;HONORATO VASQUEZ (TAMBO VIEJO) ;30355
CA헤R;CA헤R;INGAPIRCA;30356
CA헤R;CA헤R;JUNCAL;30357
CA헤R;CA헤R;SAN ANTONIO;30358
CA헤R;CA헤R;ZHUD;30361
CA헤R;CA헤R;VENTURA;30362
CA헤R;CA헤R;DUCUR;30363
CA헤R;LA TRONCAL; LA TRONCAL;30450
CA헤R;LA TRONCAL;MANUEL J. CALLE;30451
CA헤R;LA TRONCAL;PANCHO NEGRO;30452
CA헤R;EL TAMBO;EL TAMBO ;30550
CA헤R;DELEG; DELEG;30650
CA헤R;DELEG;SOLANO;30651
CA헤R;SUSCAL;SUSCAL;30750
CARCHI;TULCAN; TULCAN;40150
CARCHI;TULCAN;EL CARMELO (EL PUN) ;40151
CARCHI;TULCAN;JULIO ANDRADE (OREJUELA) ;40153
CARCHI;TULCAN;MALDONADO;40154
CARCHI;TULCAN;PIOTER;40155
CARCHI;TULCAN;TOBAR DONOSO (LA BOCANA DE CAMUMBI) ;40156
CARCHI;TULCAN;TUFI헲;40157
CARCHI;TULCAN;URBINA (TAYA);40158
CARCHI;TULCAN;EL CHICAL;40159
CARCHI;TULCAN;SANTA MARTHA DE CUBA;40161
CARCHI;BOLIVAR; BOLIVAR;40250
CARCHI;BOLIVAR;GARCIA MORENO;40251
CARCHI;BOLIVAR;LOS ANDES;40252
CARCHI;BOLIVAR;MONTE OLIVO;40253
CARCHI;BOLIVAR;SAN VICENTE DE PUSIR;40254
CARCHI;BOLIVAR;SAN RAFAEL;40255
CARCHI;ESPEJO;EL ANGEL;40350
CARCHI;ESPEJO;EL GOALTAL;40351
CARCHI;ESPEJO;LA LIBERTAD (ALIZO);40352
CARCHI;ESPEJO;SAN ISIDRO;40353
CARCHI;MIRA;MIRA (CHONTAHUASI);40450
CARCHI;MIRA;CONCEPCION;40451
CARCHI;MIRA;JIJON Y CAAMA헲 (CAB. EN RIO BLANCO);40452
CARCHI;MIRA;JUAN MONTALVO (SAN IGNACIO DE QUIL);40453
CARCHI;MONTUFAR;SAN GABRIEL;40550
CARCHI;MONTUFAR;CRISTOBAL COLON;40551
CARCHI;MONTUFAR;CHITAN DE NAVARRETE;40552
CARCHI;MONTUFAR;FERNANDEZ SALVADOR;40553
CARCHI;MONTUFAR;LA PAZ;40554
CARCHI;MONTUFAR;PIARTAL;40555
CARCHI;SAN PEDRO DE HUACA;HUACA;40650
CARCHI;SAN PEDRO DE HUACA;MARISCAL SUCRE;40651
COTOPAXI;LATACUNGA;LATACUNGA;50150
COTOPAXI;LATACUNGA;ALAQUES (ALAQUEZ) ;50151
COTOPAXI;LATACUNGA;BELISARIO QUEVEDO (GUANAILIN);50152
COTOPAXI;LATACUNGA;GUAITACAMA (GUAYTACAMA) ;50153
COTOPAXI;LATACUNGA;JOSEGUANGO BAJO;50154
COTOPAXI;LATACUNGA;MULALO;50156
COTOPAXI;LATACUNGA;11 DE NOVIEMBRE (ILINCHISI);50157
COTOPAXI;LATACUNGA;POALO;50158
COTOPAXI;LATACUNGA;SAN JUAN DE PASTOCALLE;50159
COTOPAXI;LATACUNGA;TANICUCHI;50161
COTOPAXI;LATACUNGA;TOACASO;50162
COTOPAXI;LA MANA;LA MANA;50250
COTOPAXI;LA MANA;GUASAGANDA (CAB.EN GUASAGANDA CENTRO);50251
COTOPAXI;LA MANA;PUCAYACU;50252
COTOPAXI;PANGUA;EL CORAZON;50350
COTOPAXI;PANGUA;MORASPUNGO;50351
COTOPAXI;PANGUA;PINLLOPATA;50352
COTOPAXI;PANGUA;RAMON CAMPA헤;50353
COTOPAXI;PUJILI;PUJILI;50450
COTOPAXI;PUJILI;ANGAMARCA;50451
COTOPAXI;PUJILI;GUANGAJE;50453
COTOPAXI;PUJILI;LA VICTORIA;50455
COTOPAXI;PUJILI;PILALO;50456
COTOPAXI;PUJILI;TINGO;50457
COTOPAXI;PUJILI;ZUMBAHUA;50458
COTOPAXI;SALCEDO;SAN MIGUEL;50550
COTOPAXI;SALCEDO;ANTONIO JOSE HOLGUIN  (SANTA LUCIA);50551
COTOPAXI;SALCEDO;CUSUBAMBA;50552
COTOPAXI;SALCEDO;MULALILLO;50553
COTOPAXI;SALCEDO;MULLIQUINDIL (SANTA ANA);50554
COTOPAXI;SALCEDO;PANSALEO;50555
COTOPAXI;SAQUISILI;SAQUISILI, ;50650
COTOPAXI;SAQUISILI;CANCHAGUA;50651
COTOPAXI;SAQUISILI;CHANTILIN;50652
COTOPAXI;SAQUISILI;COCHAPAMBA;50653
COTOPAXI;SIGCHOS;SIGCHOS;50750
COTOPAXI;SIGCHOS;CHUGCHILLAN;50751
COTOPAXI;SIGCHOS;ISINLIVI;50752
COTOPAXI;SIGCHOS;LAS PAMPAS;50753
COTOPAXI;SIGCHOS;PALO QUEMADO;50754
CHIMBORAZO;RIOBAMBA;RIOBAMBA;60150
CHIMBORAZO;RIOBAMBA;CACHA (CAB. EN MACHANGARA) ;60151
CHIMBORAZO;RIOBAMBA;CALPI;60152
CHIMBORAZO;RIOBAMBA;CUBIJIES;60153
CHIMBORAZO;RIOBAMBA;FLORES;60154
CHIMBORAZO;RIOBAMBA;LICAN;60155
CHIMBORAZO;RIOBAMBA;LICTO;60156
CHIMBORAZO;RIOBAMBA;PUNGALA;60157
CHIMBORAZO;RIOBAMBA;PUNIN;60158
CHIMBORAZO;RIOBAMBA;QUIMIAG;60159
CHIMBORAZO;RIOBAMBA;SAN JUAN;60160
CHIMBORAZO;RIOBAMBA;SAN LUIS;60161
CHIMBORAZO;ALAUSI;ALAUSI;60250
CHIMBORAZO;ALAUSI;ACHUPALLAS;60251
CHIMBORAZO;ALAUSI;GUASUNTOS;60253
CHIMBORAZO;ALAUSI;HUIGRA;60254
CHIMBORAZO;ALAUSI;MULTITUD;60255
CHIMBORAZO;ALAUSI;PISTISHI (NARIZ DEL DIABLO);60256
CHIMBORAZO;ALAUSI;PUMALLACTA;60257
CHIMBORAZO;ALAUSI;SEVILLA;60258
CHIMBORAZO;ALAUSI;SIBAMBE;60259
CHIMBORAZO;ALAUSI;TIXAN;60260
CHIMBORAZO;COLTA;VILLA LA UNION (CAJABAMBA);60350
CHIMBORAZO;COLTA;CA헬;60351
CHIMBORAZO;COLTA;COLUMBE;60352
CHIMBORAZO;COLTA;JUAN DE VELASCO (PANGOR);60353
CHIMBORAZO;COLTA;SANTIAGO DE QUITO (CAB. EN SAN ANTONIO DE QUITO);60354
CHIMBORAZO;CHAMBO;CHAMBO;60450
CHIMBORAZO;CHUNCHI;CHUNCHI;60550
CHIMBORAZO;CHUNCHI;CAPZOL;60551
CHIMBORAZO;CHUNCHI;COMPUD;60552
CHIMBORAZO;CHUNCHI;GONZOL;60553
CHIMBORAZO;CHUNCHI;LLAGOS;60554
CHIMBORAZO;GUAMOTE;GUAMOTE;60650
CHIMBORAZO;GUAMOTE;CEBADAS;60651
CHIMBORAZO;GUAMOTE;PALMIRA;60652
CHIMBORAZO;GUANO;GUANO;60750
CHIMBORAZO;GUANO;GUANANDO;60751
CHIMBORAZO;GUANO;ILAPO;60752
CHIMBORAZO;GUANO;LA PROVIDENCIA;60753
CHIMBORAZO;GUANO;SAN ANDRES;60754
CHIMBORAZO;GUANO;SAN GERARDO DE PACAICAGUAN;60755
CHIMBORAZO;GUANO;SAN ISIDRO DE PATULU;60756
CHIMBORAZO;GUANO;SAN JOSE DEL CHAZO;60757
CHIMBORAZO;GUANO;SANTA FE DE GALAN;60758
CHIMBORAZO;GUANO;VALPARAISO;60759
CHIMBORAZO;PALLATANGA;PALLATANGA;60850
CHIMBORAZO;PENIPE;PENIPE;60950
CHIMBORAZO;PENIPE;EL ALTAR;60951
CHIMBORAZO;PENIPE;MATUS;60952
CHIMBORAZO;PENIPE;PUELA;60953
CHIMBORAZO;PENIPE;SAN ANTONIO DE BAYUSHIG;60954
CHIMBORAZO;PENIPE;LA CANDELARIA;60955
CHIMBORAZO;PENIPE;BILBAO (CAB.EN QUILLUYACU);60956
CHIMBORAZO;CUMANDA;CUMANDA;61050
EL ORO;MACHALA;MACHALA;70150
EL ORO;MACHALA;EL RETIRO;70152
EL ORO;ARENILLAS;ARENILLAS;70250
EL ORO;ARENILLAS;CHACRAS;70251
EL ORO;ARENILLAS;PALMALES;70254
EL ORO;ARENILLAS;CARCABON;70255
EL ORO;ATAHUALPA;PACCHA;70350
EL ORO;ATAHUALPA;AYAPAMBA;70351
EL ORO;ATAHUALPA;CORDONCILLO;70352
EL ORO;ATAHUALPA;MILAGRO;70353
EL ORO;ATAHUALPA;SAN JOSE;70354
EL ORO;ATAHUALPA;SAN JUAN DE CERRO AZUL;70355
EL ORO;BALSAS;BALSAS;70450
EL ORO;BALSAS;BELLAMARIA;70451
EL ORO;CHILLA;CHILLA;70550
EL ORO;EL GUABO;EL GUABO;70650
EL ORO;EL GUABO;BARBONES (SUCRE) ;70651
EL ORO;EL GUABO;LA IBERIA;70652
EL ORO;EL GUABO;TENDALES (CAB.EN PUERTO TENDALES);70653
EL ORO;EL GUABO;RIO BONITO;70654
EL ORO;HUAQUILLAS;HUAQUILLAS;70750
EL ORO;MARCABELI;MARCABELI;70850
EL ORO;MARCABELI;EL INGENIO;70851
EL ORO;PASAJE;PASAJE;70950
EL ORO;PASAJE;BUENAVISTA;70951
EL ORO;PASAJE;CASACAY;70952
EL ORO;PASAJE;LA PEA헤;70953
EL ORO;PASAJE;PROGRESO;70954
EL ORO;PASAJE;UZHCURRUMI;70955
EL ORO;PASAJE;CA헤QUEMADA ;70956
EL ORO;PI헤S;PI헤S;71050
EL ORO;PI헤S;CAPIRO (CAB. EN LA CAPILLA DE CAPIRO);71051
EL ORO;PI헤S;LA BOCANA;71052
EL ORO;PI헤S;MOROMORO (CAB. EN EL VADO);71053
EL ORO;PI헤S;PIEDRAS;71054
EL ORO;PI헤S;SAN ROQUE (AMBROSIO MALDONADO);71055
EL ORO;PI헤S;SARACAY;71056
EL ORO;PORTOVELO;PORTOVELO;71150
EL ORO;PORTOVELO;CURTINCAPA;71151
EL ORO;PORTOVELO;MORALES;71152
EL ORO;PORTOVELO;SALATI;71153
EL ORO;SANTA ROSA;SANTA ROSA;71250
EL ORO;SANTA ROSA;BELLAVISTA;71251
EL ORO;SANTA ROSA;JAMBELI;71252
EL ORO;SANTA ROSA;LA AVANZADA;71253
EL ORO;SANTA ROSA;SAN ANTONIO;71254
EL ORO;SANTA ROSA;TORATA;71255
EL ORO;SANTA ROSA;VICTORIA;71256
EL ORO;SANTA ROSA;BELLAMARIA;71257
EL ORO;ZARUMA;ZARUMA;71350
EL ORO;ZARUMA;ABA헬N;71351
EL ORO;ZARUMA;ARCAPAMBA;71352
EL ORO;ZARUMA;GUANAZAN;71353
EL ORO;ZARUMA;GUIZHAGUI헤;71354
EL ORO;ZARUMA;HUERTAS;71355
EL ORO;ZARUMA;MALVAS;71356
EL ORO;ZARUMA;MULUNCAY GRANDE;71357
EL ORO;ZARUMA;SINSAO;71358
EL ORO;ZARUMA;SALVIAS;71359
EL ORO;LAS LAJAS;LA VICTORIA;71450
EL ORO;LAS LAJAS;LA LIBERTAD;71451
EL ORO;LAS LAJAS;EL PARAISO ;71452
EL ORO;LAS LAJAS;SAN ISIDRO;71453
ESMERALDAS;ESMERALDAS;ESMERALDAS;80150
ESMERALDAS;ESMERALDAS;CAMARONES (CAB. EN SAN VICENTE) ;80152
ESMERALDAS;ESMERALDAS;CRNEL. CARLOS CONCHA TORRES (CAB.EN HUELE);80153
ESMERALDAS;ESMERALDAS;CHINCA;80154
ESMERALDAS;ESMERALDAS;MAJUA;80159
ESMERALDAS;ESMERALDAS;SAN MATEO;80163
ESMERALDAS;ESMERALDAS;TABIAZO;80165
ESMERALDAS;ESMERALDAS;TACHINA;80166
ESMERALDAS;ESMERALDAS;VUELTA LARGA;80168
ESMERALDAS;ELOY ALFARO;VALDEZ (LIMONES);80250
ESMERALDAS;ELOY ALFARO;ANCHAYACU;80251
ESMERALDAS;ELOY ALFARO;ATAHUALPA (CAB. EN CAMARONES) ;80252
ESMERALDAS;ELOY ALFARO;BORBON;80253
ESMERALDAS;ELOY ALFARO;LA TOLA;80254
ESMERALDAS;ELOY ALFARO;LUIS VARGAS TORRES (CAB. EN PLAYA DE ORO);80255
ESMERALDAS;ELOY ALFARO;MALDONADO;80256
ESMERALDAS;ELOY ALFARO;PAMPANAL DE BOLIVAR     ;80257
ESMERALDAS;ELOY ALFARO;SAN FRANCISCO DE ONZOLE;80258
ESMERALDAS;ELOY ALFARO;SANTO DOMINGO DE ONZOLE;80259
ESMERALDAS;ELOY ALFARO;SELVA ALEGRE;80260
ESMERALDAS;ELOY ALFARO;TELEMBI;80261
ESMERALDAS;ELOY ALFARO;COLON ELOY DEL MARIA;80262
ESMERALDAS;ELOY ALFARO;SAN JOSE DE CAYAPAS;80263
ESMERALDAS;ELOY ALFARO;TIMBIRE  ;80264
ESMERALDAS;MUISNE;MUISNE;80350
ESMERALDAS;MUISNE;BOLIVAR;80351
ESMERALDAS;MUISNE;DAULE;80352
ESMERALDAS;MUISNE;GALERA;80353
ESMERALDAS;MUISNE;QUINGUE (OLMEDO PERDOMO FRANCO) ;80354
ESMERALDAS;MUISNE;SALIMA;80355
ESMERALDAS;MUISNE;SAN FRANCISCO;80356
ESMERALDAS;MUISNE;SAN GREGORIO;80357
ESMERALDAS;MUISNE;SAN JOSE DE CHAMANGA (CAB.EN CHAMANGA);80358
ESMERALDAS;QUININDE;ROSA ZARATE (QUININDE);80450
ESMERALDAS;QUININDE;CUBE;80451
ESMERALDAS;QUININDE;CHURA (CHANCAMA) (CAB. EN EL YERBERO);80452
ESMERALDAS;QUININDE;MALIMPIA;80453
ESMERALDAS;QUININDE;VICHE;80454
ESMERALDAS;QUININDE;LA UNION;80455
ESMERALDAS;SAN LORENZO;SAN LORENZO;80550
ESMERALDAS;SAN LORENZO;ALTO TAMBO (CAB. EN GUADUAL) ;80551
ESMERALDAS;SAN LORENZO;ANCON (PICHANGAL) (CAB. EN PALMA REAL) ;80552
ESMERALDAS;SAN LORENZO;CALDERON;80553
ESMERALDAS;SAN LORENZO;CARONDELET;80554
ESMERALDAS;SAN LORENZO;5 DE JUNIO (CAB. EN UIMBI) ;80555
ESMERALDAS;SAN LORENZO;CONCEPCION;80556
ESMERALDAS;SAN LORENZO;MATAJE (CAB. EN SANTANDER);80557
ESMERALDAS;SAN LORENZO;SAN JAVIER DE CACHAVI (CAB. EN SAN JAVIER) ;80558
ESMERALDAS;SAN LORENZO;SANTA RITA;80559
ESMERALDAS;SAN LORENZO;TAMBILLO;80560
ESMERALDAS;SAN LORENZO;TULULBI (CAB. EN RICAURTE);80561
ESMERALDAS;SAN LORENZO;URBINA;80562
ESMERALDAS;ATACAMES;ATACAMES;80650
ESMERALDAS;ATACAMES;LA UNION;80651
ESMERALDAS;ATACAMES;SUA  (CAB. EN LA BOCANA) ;80652
ESMERALDAS;ATACAMES;TONCHIG㏊;80653
ESMERALDAS;ATACAMES;TONSUPA;80654
ESMERALDAS;RIOVERDE;RIOVERDE;80750
ESMERALDAS;RIOVERDE;CHONTADURO;80751
ESMERALDAS;RIOVERDE;CHUMUNDE ;80752
ESMERALDAS;RIOVERDE;LAGARTO;80753
ESMERALDAS;RIOVERDE;MONTALVO (CAB. EN HORQUETA) ;80754
ESMERALDAS;RIOVERDE;ROCAFUERTE;80755
ESMERALDAS;LA CONCORDIA;LA CONCORDIA;80850
GUAYAS;GUAYAQUIL;GUAYAQUIL;90150
GUAYAS;GUAYAQUIL;JUAN GOMEZ RENDON (PROGRESO) ;90152
GUAYAS;GUAYAQUIL;MORRO;90153
GUAYAS;GUAYAQUIL;POSORJA;90156
GUAYAS;GUAYAQUIL;PUNA;90157
GUAYAS;GUAYAQUIL;TENGUEL;90158
GUAYAS;ALFREDO BAQUERIZO MORENO (JUJAN);ALFREDO BAQUERIZO MORENO (JUJAN);90250
GUAYAS;BALAO;BALAO;90350
GUAYAS;BALZAR;BALZAR;90450
GUAYAS;COLIMES;COLIMES;90550
GUAYAS;COLIMES;SAN JACINTO;90551
GUAYAS;DAULE;DAULE;90650
GUAYAS;DAULE;JUAN BAUTISTA AGUIRRE (LOS TINTOS) ;90652
GUAYAS;DAULE;LAUREL;90653
GUAYAS;DAULE;LIMONAL;90654
GUAYAS;DAULE;LOS LOJAS (ENRIQUE BAQUERIZO MORENO);90656
GUAYAS;DURAN;ELOY ALFARO (DURAN);90750
GUAYAS;EL EMPALME;VELASCO IBARRA (EL EMPALME);90850
GUAYAS;EL EMPALME;GUAYAS (PUEBLO NUEVO) ;90851
GUAYAS;EL EMPALME;EL ROSARIO;90852
GUAYAS;EL TRIUNFO;EL TRIUNFO;90950
GUAYAS;MILAGRO;MILAGRO;91050
GUAYAS;MILAGRO;CHOBO;91051
GUAYAS;MILAGRO;MARISCAL SUCRE (HUAQUES);91053
GUAYAS;MILAGRO;ROBERTO ASTUDILLO (CAB. EN CRUCE DE VENECIA) ;91054
GUAYAS;NARANJAL;NARANJAL;91150
GUAYAS;NARANJAL;JESUS MARIA;91151
GUAYAS;NARANJAL;SAN CARLOS;91152
GUAYAS;NARANJAL;SANTA ROSA DE FLANDES;91153
GUAYAS;NARANJAL;TAURA;91154
GUAYAS;NARANJITO;NARANJITO;91250
GUAYAS;PALESTINA;PALESTINA;91350
GUAYAS;PEDRO CARBO;PEDRO CARBO;91450
GUAYAS;PEDRO CARBO;VALLE DE LA VIRGEN ;91451
GUAYAS;PEDRO CARBO;SABANILLA;91452
GUAYAS;SAMBORONDON;SAMBORONDON;91650
GUAYAS;SAMBORONDON;TARIFA;91651
GUAYAS;SANTA LUCIA;SANTA LUCIA;91850
GUAYAS;SALITRE (URBINA JADO);EL SALITRE (LAS RAMAS);91950
GUAYAS;SALITRE (URBINA JADO);GRAL. VERNAZA (DOS ESTEROS) ;91951
GUAYAS;SALITRE (URBINA JADO);LA VICTORIA (헤UZA);91952
GUAYAS;SALITRE (URBINA JADO);JUNQUILLAL;91953
GUAYAS;SAN JACINTO DE YAGUACHI;SAN JACINTO DE YAGUACHI;92050
GUAYAS;SAN JACINTO DE YAGUACHI;GRAL. PEDRO J. MONTERO (BOLICHE) ;92053
GUAYAS;SAN JACINTO DE YAGUACHI;YAGUACHI VIEJO (CONE);92055
GUAYAS;SAN JACINTO DE YAGUACHI;VIRGEN DE FATIMA;92056
GUAYAS;PLAYAS;GENERAL VILLAMIL (PLAYAS);92150
GUAYAS;SIMON BOLIVAR;SIMON BOLIVAR;92250
GUAYAS;SIMON BOLIVAR;CRNEL.LORENZO DE GARAICOA (PEDREGAL);92251
GUAYAS;CORONEL MARCELINO MARIDUE헤;CORONEL MARCELINO MARIDUE헤 (SAN CARLOS);92350
GUAYAS;LOMAS DE SARGENTILLO;LOMAS DE SARGENTILLO;92450
GUAYAS;NOBOL;NARCISA DE JESUS;92550
GUAYAS;GENERAL ANTONIO ELIZALDE;GENERAL ANTONIO ELIZALDE (BUCAY);92750
GUAYAS;ISIDRO AYORA;ISIDRO AYORA;92850
IMBABURA;IBARRA;SAN MIGUEL DE IBARRA;100150
IMBABURA;IBARRA;AMBUQUI;100151
IMBABURA;IBARRA;ANGOCHAGUA;100152
IMBABURA;IBARRA;CAROLINA;100153
IMBABURA;IBARRA;LA ESPERANZA;100154
IMBABURA;IBARRA;LITA;100155
IMBABURA;IBARRA;SALINAS;100156
IMBABURA;IBARRA;SAN ANTONIO;100157
IMBABURA;ANTONIO ANTE;ATUNTAQUI;100250
IMBABURA;ANTONIO ANTE;IMBAYA (SAN LUIS DE COBUENDO) ;100251
IMBABURA;ANTONIO ANTE;SAN FRANCISCO DE NATABUELA;100252
IMBABURA;ANTONIO ANTE;SAN JOSE DE CHALTURA;100253
IMBABURA;ANTONIO ANTE;SAN ROQUE;100254
IMBABURA;COTACACHI;COTACACHI;100350
IMBABURA;COTACACHI;APUELA;100351
IMBABURA;COTACACHI;GARCIA MORENO  (LLURIMAGUA) ;100352
IMBABURA;COTACACHI;IMANTAG;100353
IMBABURA;COTACACHI;PE헤HERRERA;100354
IMBABURA;COTACACHI;PLAZA GUTIERREZ;100355
IMBABURA;COTACACHI;QUIROGA;100356
IMBABURA;COTACACHI;6 DE JULIO DE CUELLAJE (CAB. EN CUELLAJE);100357
IMBABURA;COTACACHI;VACAS GALINDO (EL CHURO) (CAB.EN SAN MIGUEL ALTO);100358
IMBABURA;OTAVALO;OTAVALO;100450
IMBABURA;OTAVALO;DR. MIGUEL EGAS CABEZAS (PEGUCHE) ;100451
IMBABURA;OTAVALO;EUGENIO ESPEJO (CALPAQUI) ;100452
IMBABURA;OTAVALO;GONZALEZ SUAREZ;100453
IMBABURA;OTAVALO;PATAQUI;100454
IMBABURA;OTAVALO;SAN JOSE DE QUICHINCHE ;100455
IMBABURA;OTAVALO;SAN JUAN DE ILUMAN;100456
IMBABURA;OTAVALO;SAN PABLO;100457
IMBABURA;OTAVALO;SAN RAFAEL;100458
IMBABURA;OTAVALO;SELVA ALEGRE (CAB.EN SAN MIGUEL DE PAMPLONA);100459
IMBABURA;PIMAMPIRO;PIMAMPIRO;100550
IMBABURA;PIMAMPIRO;CHUGA;100551
IMBABURA;PIMAMPIRO;MARIANO ACOSTA;100552
IMBABURA;PIMAMPIRO;SAN FRANCISCO DE SIGSIPAMBA;100553
IMBABURA;SAN MIGUEL DE URCUQUI;URCUQUI;100650
IMBABURA;SAN MIGUEL DE URCUQUI;CAHUASQUI;100651
IMBABURA;SAN MIGUEL DE URCUQUI;LA MERCED DE BUENOS AIRES;100652
IMBABURA;SAN MIGUEL DE URCUQUI;PABLO ARENAS;100653
IMBABURA;SAN MIGUEL DE URCUQUI;SAN BLAS;100654
IMBABURA;SAN MIGUEL DE URCUQUI;TUMBABIRO;100655
LOJA;LOJA;LOJA;110150
LOJA;LOJA;CHANTACO;110151
LOJA;LOJA;CHUQUIRIBAMBA;110152
LOJA;LOJA;EL CISNE;110153
LOJA;LOJA;GUALEL;110154
LOJA;LOJA;JIMBILLA;110155
LOJA;LOJA;MALACATOS (VALLADOLID) ;110156
LOJA;LOJA;SAN LUCAS;110157
LOJA;LOJA;SAN PEDRO DE VILCABAMBA;110158
LOJA;LOJA;SANTIAGO;110159
LOJA;LOJA;TAQUIL (MIGUEL RIOFRIO);110160
LOJA;LOJA;VILCABAMBA  (VICTORIA);110161
LOJA;LOJA;YANGANA (ARSENIO CASTILLO);110162
LOJA;LOJA;QUINARA;110163
LOJA;CALVAS;CARIAMANGA;110250
LOJA;CALVAS;COLAISACA;110251
LOJA;CALVAS;EL LUCERO;110252
LOJA;CALVAS;UTUANA;110253
LOJA;CALVAS;SANGUILLIN;110254
LOJA;CATAMAYO;CATAMAYO (LA TOMA);110350
LOJA;CATAMAYO;EL TAMBO;110351
LOJA;CATAMAYO;GUAYQUICHUMA;110352
LOJA;CATAMAYO;SAN PEDRO DE LA BENDITA;110353
LOJA;CATAMAYO;ZAMBI;110354
LOJA;CELICA;CELICA;110450
LOJA;CELICA;CRUZPAMBA (CAB. EN CARLOS BUSTAMANTE);110451
LOJA;CELICA;POZUL (SAN JUAN DE POZUL);110455
LOJA;CELICA;SABANILLA;110456
LOJA;CELICA;TNTE. MAXIMILIANO RODRIGUEZ LOAIZA ;110457
LOJA;CHAGUARPAMBA;CHAGUARPAMBA;110550
LOJA;CHAGUARPAMBA;BUENAVISTA;110551
LOJA;CHAGUARPAMBA;EL ROSARIO;110552
LOJA;CHAGUARPAMBA;SANTA RUFINA;110553
LOJA;CHAGUARPAMBA;AMARILLOS;110554
LOJA;ESPINDOLA;AMALUZA;110650
LOJA;ESPINDOLA;BELLAVISTA;110651
LOJA;ESPINDOLA;JIMBURA;110652
LOJA;ESPINDOLA;SANTA TERESITA;110653
LOJA;ESPINDOLA;27 DE ABRIL (CAB. EN LA NARANJA) ;110654
LOJA;ESPINDOLA;EL INGENIO;110655
LOJA;ESPINDOLA;EL AIRO;110656
LOJA;GONZANAMA;GONZANAMA;110750
LOJA;GONZANAMA;CHANGAIMINA (LA LIBERTAD) ;110751
LOJA;GONZANAMA;NAMBACOLA;110753
LOJA;GONZANAMA;PURUNUMA (EGUIGUREN) ;110754
LOJA;GONZANAMA;SACAPALCA;110756
LOJA;MACARA;MACARA;110850
LOJA;MACARA;LARAMA;110851
LOJA;MACARA;LA VICTORIA;110852
LOJA;MACARA;SABIANGO (LA CAPILLA);110853
LOJA;PALTAS;CATACOCHA;110950
LOJA;PALTAS;CANGONAMA;110951
LOJA;PALTAS;GUACHANAMA;110952
LOJA;PALTAS;LAURO GUERRERO;110954
LOJA;PALTAS;ORIANGA;110956
LOJA;PALTAS;SAN ANTONIO;110957
LOJA;PALTAS;CASANGA;110958
LOJA;PALTAS;YAMANA;110959
LOJA;PUYANGO;ALAMOR;111050
LOJA;PUYANGO;CIANO;111051
LOJA;PUYANGO;EL ARENAL;111052
LOJA;PUYANGO;EL LIMO (MARIANA DE JESUS);111053
LOJA;PUYANGO;MERCADILLO;111054
LOJA;PUYANGO;VICENTINO;111055
LOJA;SARAGURO;SARAGURO;111150
LOJA;SARAGURO;EL PARAISO DE CELEN;111151
LOJA;SARAGURO;EL TABLON  ;111152
LOJA;SARAGURO;LLUZHAPA;111153
LOJA;SARAGURO;MANU;111154
LOJA;SARAGURO;SAN ANTONIO DE QUMBE (CUMBE);111155
LOJA;SARAGURO;SAN PABLO DE TENTA;111156
LOJA;SARAGURO;SAN SEBASTIAN DE YULUC;111157
LOJA;SARAGURO;SELVA ALEGRE;111158
LOJA;SARAGURO;URDANETA (PAQUISHAPA);111159
LOJA;SARAGURO;SUMAYPAMBA;111160
LOJA;SOZORANGA;SOZORANGA;111250
LOJA;SOZORANGA;NUEVA FATIMA;111251
LOJA;SOZORANGA;TACAMOROS;111252
LOJA;ZAPOTILLO;ZAPOTILLO;111350
LOJA;ZAPOTILLO;CAZADEROS (CAB.EN MANGAURCO) ;111351
LOJA;ZAPOTILLO;GARZAREAL;111352
LOJA;ZAPOTILLO;LIMONES;111353
LOJA;ZAPOTILLO;PALETILLAS;111354
LOJA;ZAPOTILLO;BOLASPAMBA;111355
LOJA;PINDAL;PINDAL;111450
LOJA;PINDAL;CHAQUINAL;111451
LOJA;PINDAL;12 DE DICIEMBRE (CAB.EN ACHIOTES);111452
LOJA;QUILANGA;QUILANGA;111550
LOJA;QUILANGA;FUNDOCHAMBA;111551
LOJA;QUILANGA;SAN ANTONIO DE LAS ARADAS (CAB. EN LAS ARADAS);111552
LOJA;OLMEDO;OLMEDO;111650
LOJA;OLMEDO;LA TINGUE;111651
LOS RIOS;BABAHOYO;BABAHOYO;120150
LOS RIOS;BABAHOYO;CARACOL;120152
LOS RIOS;BABAHOYO;FEBRES CORDERO (LAS JUNTAS) (CAB. EN MATA DE CACAO);120153
LOS RIOS;BABAHOYO;PIMOCHA;120154
LOS RIOS;BABAHOYO;LA UNION;120155
LOS RIOS;BABA;BABA;120250
LOS RIOS;BABA;GUARE;120251
LOS RIOS;BABA;ISLA DE BEJUCAL;120252
LOS RIOS;MONTALVO;MONTALVO;120350
LOS RIOS;PUEBLOVIEJO;PUEBLOVIEJO;120450
LOS RIOS;PUEBLOVIEJO;PUERTO PECHICHE;120451
LOS RIOS;PUEBLOVIEJO;SAN JUAN;120452
LOS RIOS;QUEVEDO;QUEVEDO;120550
LOS RIOS;QUEVEDO;SAN CARLOS;120553
LOS RIOS;QUEVEDO;LA ESPERANZA;120555
LOS RIOS;URDANETA;CATARAMA;120650
LOS RIOS;URDANETA;RICAURTE;120651
LOS RIOS;VENTANAS;VENTANAS;120750
LOS RIOS;VENTANAS;ZAPOTAL;120752
LOS RIOS;VINCES;VINCES;120850
LOS RIOS;VINCES;ANTONIO SOTOMAYOR (CAB. EN PLAYAS DE VINCES) ;120851
LOS RIOS;PALENQUE;PALENQUE;120950
LOS RIOS;BUENA FE;SAN JACINTO DE BUENA FE;121050
LOS RIOS;BUENA FE;PATRICIA PILAR;121051
LOS RIOS;VALENCIA;VALENCIA;121150
LOS RIOS;MOCACHE;MOCACHE;121250
LOS RIOS;QUINSALOMA;QUINSALOMA;121350
MANABI;PORTOVIEJO;PORTOVIEJO;130150
MANABI;PORTOVIEJO;ABDON CALDERON (SAN FRANCISCO);130151
MANABI;PORTOVIEJO;ALHAJUELA (BAJO GRANDE) ;130152
MANABI;PORTOVIEJO;CRUCITA;130153
MANABI;PORTOVIEJO;PUEBLO NUEVO;130154
MANABI;PORTOVIEJO;RIOCHICO (RIO CHICO);130155
MANABI;PORTOVIEJO;SAN PLACIDO;130156
MANABI;PORTOVIEJO;CHIRIJOS;130157
MANABI;BOLIVAR;CALCETA;130250
MANABI;BOLIVAR;MEMBRILLO;130251
MANABI;BOLIVAR;QUIROGA;130252
MANABI;CHONE;CHONE;130350
MANABI;CHONE;BOYACA;130351
MANABI;CHONE;CANUTO;130352
MANABI;CHONE;CONVENTO;130353
MANABI;CHONE;CHIBUNGA;130354
MANABI;CHONE;ELOY ALFARO;130355
MANABI;CHONE;RICAURTE;130356
MANABI;CHONE;SAN ANTONIO;130357
MANABI;EL CARMEN;EL CARMEN;130450
MANABI;EL CARMEN;WILFRIDO LOOR MOREIRA (MAICITO);130451
MANABI;EL CARMEN;SAN PEDRO DE SUMA;130452
MANABI;FLAVIO ALFARO;FLAVIO ALFARO;130550
MANABI;FLAVIO ALFARO;SAN FRANCISCO DE NOVILLO (CAB. EN  NOVILLO);130551
MANABI;FLAVIO ALFARO;ZAPALLO;130552
MANABI;JIPIJAPA;JIPIJAPA;130650
MANABI;JIPIJAPA;AMERICA;130651
MANABI;JIPIJAPA;EL ANEGADO (CAB. EN ELOY ALFARO);130652
MANABI;JIPIJAPA;JULCUY;130653
MANABI;JIPIJAPA;LA UNION;130654
MANABI;JIPIJAPA;MEMBRILLAL;130656
MANABI;JIPIJAPA;PEDRO PABLO GOMEZ;130657
MANABI;JIPIJAPA;PUERTO DE CAYO;130658
MANABI;JUNIN;JUNIN;130750
MANABI;MANTA;MANTA;130850
MANABI;MANTA;SAN LORENZO;130851
MANABI;MANTA;SANTA MARIANITA (BOCA DE PACOCHE);130852
MANABI;MONTECRISTI;MONTECRISTI;130950
MANABI;MONTECRISTI;LA PILA;130952
MANABI;PAJAN;PAJAN;131050
MANABI;PAJAN;CAMPOZANO (LA PALMA DE PAJAN);131051
MANABI;PAJAN;CASCOL;131052
MANABI;PAJAN;GUALE;131053
MANABI;PAJAN;LASCANO;131054
MANABI;PICHINCHA;PICHINCHA;131150
MANABI;PICHINCHA;BARRAGANETE ;131151
MANABI;PICHINCHA;SAN SEBASTIAN;131152
MANABI;ROCAFUERTE;ROCAFUERTE;131250
MANABI;SANTA ANA;SANTA ANA DE VUELTA LARGA;131350
MANABI;SANTA ANA;AYACUCHO;131351
MANABI;SANTA ANA;HONORATO VASQUEZ (CAB. EN VASQUEZ);131352
MANABI;SANTA ANA;LA UNION;131353
MANABI;SANTA ANA;SAN PABLO (CAB. EN PUEBLO NUEVO);131355
MANABI;SUCRE;BAHIA DE CARAQUEZ;131450
MANABI;SUCRE;CHARAPOTO;131453
MANABI;SUCRE;SAN ISIDRO;131457
MANABI;TOSAGUA;TOSAGUA;131550
MANABI;TOSAGUA;BACHILLERO;131551
MANABI;TOSAGUA;ANGEL PEDRO GILER (LA ESTANCILLA);131552
MANABI;24 DE MAYO;SUCRE;131650
MANABI;24 DE MAYO;BELLAVISTA;131651
MANABI;24 DE MAYO;NOBOA;131652
MANABI;24 DE MAYO;ARQ. SIXTO DURAN BALLEN;131653
MANABI;PEDERNALES;PEDERNALES;131750
MANABI;PEDERNALES;COJIMIES;131751
MANABI;PEDERNALES;10 DE AGOSTO;131752
MANABI;PEDERNALES;ATAHUALPA;131753
MANABI;OLMEDO;OLMEDO;131850
MANABI;PUERTO LOPEZ;PUERTO LOPEZ;131950
MANABI;PUERTO LOPEZ;MACHALILLA;131951
MANABI;PUERTO LOPEZ;SALANGO;131952
MANABI;JAMA;JAMA;132050
MANABI;JARAMIJO;JARAMIJO;132150
MANABI;SAN VICENTE;SAN VICENTE;132250
MANABI;SAN VICENTE;CANOA;132251
MORONA SANTIAGO;MORONA;MACAS;140150
MORONA SANTIAGO;MORONA;ALSHI (CAB. EN 9 DE OCTUBRE) ;140151
MORONA SANTIAGO;MORONA;GENERAL PROA헲;140153
MORONA SANTIAGO;MORONA;SAN ISIDRO;140156
MORONA SANTIAGO;MORONA;SEVILLA DON BOSCO;140157
MORONA SANTIAGO;MORONA;SINAI;140158
MORONA SANTIAGO;MORONA;ZU헤 (ZU헤C);140160
MORONA SANTIAGO;MORONA;CUCHAENTZA;140162
MORONA SANTIAGO;MORONA;RIO BLANCO;140164
MORONA SANTIAGO;GUALAQUIZA;GUALAQUIZA;140250
MORONA SANTIAGO;GUALAQUIZA;AMAZONAS (ROSARIO DE CUYES) ;140251
MORONA SANTIAGO;GUALAQUIZA;BERMEJOS;140252
MORONA SANTIAGO;GUALAQUIZA;BOMBOIZA;140253
MORONA SANTIAGO;GUALAQUIZA;CHIG㏏NDA;140254
MORONA SANTIAGO;GUALAQUIZA;EL ROSARIO;140255
MORONA SANTIAGO;GUALAQUIZA;NUEVA TARQUI;140256
MORONA SANTIAGO;GUALAQUIZA;SAN MIGUEL DE CUYES;140257
MORONA SANTIAGO;GUALAQUIZA;EL IDEAL;140258
MORONA SANTIAGO;LIMON INDANZA;GENERAL LEONIDAS PLAZA GUTIERREZ (LIMON);140350
MORONA SANTIAGO;LIMON INDANZA;INDANZA;140351
MORONA SANTIAGO;LIMON INDANZA;SAN ANTONIO (CAB. EN SAN ANTONIO CENTRO;140353
MORONA SANTIAGO;LIMON INDANZA;SAN MIGUEL DE CONCHAY;140356
MORONA SANTIAGO;LIMON INDANZA;SANTA SUSANA DE CHIVIAZA (CAB. EN CHIVIAZA);140357
MORONA SANTIAGO;LIMON INDANZA;YUNGANZA (CAB. EN EL ROSARIO);140358
MORONA SANTIAGO;PALORA;PALORA (METZERA);140450
MORONA SANTIAGO;PALORA;ARAPICOS;140451
MORONA SANTIAGO;PALORA;CUMANDA (CAB. EN COLONIA AGRICOLA SEVILLA DEL ORO);140452
MORONA SANTIAGO;PALORA;SANGAY (CAB. EN NAYAMANACA);140454
MORONA SANTIAGO;PALORA;16 DE AGOSTO;140455
MORONA SANTIAGO;SANTIAGO;SANTIAGO DE MENDEZ;140550
MORONA SANTIAGO;SANTIAGO;COPAL;140551
MORONA SANTIAGO;SANTIAGO;CHUPIANZA;140552
MORONA SANTIAGO;SANTIAGO;PATUCA;140553
MORONA SANTIAGO;SANTIAGO;SAN LUIS DE EL ACHO (CAB. EN EL ACHO) ;140554
MORONA SANTIAGO;SANTIAGO;TAYUZA;140556
MORONA SANTIAGO;SANTIAGO;SAN FRANCISCO DE CHINIMBIMI;140557
MORONA SANTIAGO;SUCUA;SUCUA;140650
MORONA SANTIAGO;SUCUA;ASUNCION;140651
MORONA SANTIAGO;SUCUA;HUAMBI;140652
MORONA SANTIAGO;SUCUA;SANTA MARIANITA DE JESUS;140655
MORONA SANTIAGO;HUAMBOYA;HUAMBOYA;140750
MORONA SANTIAGO;HUAMBOYA;CHIGUAZA;140751
MORONA SANTIAGO;SAN JUAN BOSCO;SAN JUAN BOSCO;140850
MORONA SANTIAGO;SAN JUAN BOSCO;PAN DE AZUCAR;140851
MORONA SANTIAGO;SAN JUAN BOSCO;SAN CARLOS DE LIMON  ;140852
MORONA SANTIAGO;SAN JUAN BOSCO;SAN JACINTO DE WAKAMBEIS ;140853
MORONA SANTIAGO;SAN JUAN BOSCO;SANTIAGO DE PANANZA;140854
MORONA SANTIAGO;TAISHA;TAISHA;140950
MORONA SANTIAGO;TAISHA;HUASAGA (CAB. EN WAMPUIK) ;140951
MORONA SANTIAGO;TAISHA;MACUMA  ;140952
MORONA SANTIAGO;TAISHA;TUUTINENTZA ;140953
MORONA SANTIAGO;TAISHA;PUMPUENTSA;140954
MORONA SANTIAGO;LOGRO헲;LOGRO헲;141050
MORONA SANTIAGO;LOGRO헲;YAUPI;141051
MORONA SANTIAGO;LOGRO헲;SHIMPIS;141052
MORONA SANTIAGO;PABLO SEXTO;PABLO SEXTO;141150
MORONA SANTIAGO;CANTON TIWINTZA;SANTIAGO;141250
MORONA SANTIAGO;CANTON TIWINTZA;SAN JOSE DE MORONA;141251
NAPO;TENA;TENA;150150
NAPO;TENA;AHUANO;150151
NAPO;TENA;CHONTAPUNTA;150153
NAPO;TENA;PANO;150154
NAPO;TENA;PUERTO MISAHUALLI;150155
NAPO;TENA;PUERTO NAPO;150156
NAPO;TENA;TALAG;150157
NAPO;ARCHIDONA;ARCHIDONA;150350
NAPO;ARCHIDONA;COTUNDO;150352
NAPO;ARCHIDONA;SAN PABLO DE USHPAYACU;150354
NAPO;EL CHACO;EL CHACO;150450
NAPO;EL CHACO;GONZALO DIAZ DE PINEDA (EL BOMBON) ;150451
NAPO;EL CHACO;LINARES;150452
NAPO;EL CHACO;OYACACHI;150453
NAPO;EL CHACO;SANTA ROSA;150454
NAPO;EL CHACO;SARDINAS;150455
NAPO;QUIJOS;BAEZA;150750
NAPO;QUIJOS;COSANGA;150751
NAPO;QUIJOS;CUYUJA;150752
NAPO;QUIJOS;PAPALLACTA;150753
NAPO;QUIJOS;SAN FRANCISCO DE BORJA (VIRGILIO DAVILA);150754
NAPO;QUIJOS;SUMACO;150756
NAPO;CARLOS JULIO AROSEMENA TOLA;CARLOS JULIO AROSEMENA TOLA;150950
PASTAZA;PASTAZA;PUYO;160150
PASTAZA;PASTAZA;CANELOS;160152
PASTAZA;PASTAZA;DIEZ  DE AGOSTO;160154
PASTAZA;PASTAZA;FATIMA;160155
PASTAZA;PASTAZA;MONTALVO (ANDOAS) ;160156
PASTAZA;PASTAZA;POMONA;160157
PASTAZA;PASTAZA;RIO CORRIENTES ;160158
PASTAZA;PASTAZA;RIO TIGRE;160159
PASTAZA;PASTAZA;SARAYACU;160161
PASTAZA;PASTAZA;SIMON BOLIVAR  (CAB. EN MUSHULLACTA);160162
PASTAZA;PASTAZA;TARQUI;160163
PASTAZA;PASTAZA;TENIENTE HUGO ORTIZ;160164
PASTAZA;PASTAZA;VERACRUZ (INDILLAMA) (CAB. EN INDILLAMA);160165
PASTAZA;PASTAZA;EL TRIUNFO;160166
PASTAZA;MERA;MERA;160250
PASTAZA;MERA;MADRE TIERRA;160251
PASTAZA;MERA;SHELL;160252
PASTAZA;SANTA CLARA;SANTA CLARA;160350
PASTAZA;SANTA CLARA;SAN JOSE;160351
PASTAZA;ARAJUNO;ARAJUNO;160450
PASTAZA;ARAJUNO;CURARAY;160451
PICHINCHA;QUITO;QUITO DISTRITO METROPOLITANO, CABECERA CANTONAL, CAPITAL PROVINCIAL Y DE LA REPUBLICA DEL ECUADOR;170150
PICHINCHA;QUITO;ALANGASI;170151
PICHINCHA;QUITO;AMAGUA헤;170152
PICHINCHA;QUITO;ATAHUALPA (HABASPAMBA) ;170153
PICHINCHA;QUITO;CALACALI;170154
PICHINCHA;QUITO;CALDERON (CARAPUNGO) ;170155
PICHINCHA;QUITO;CONOCOTO;170156
PICHINCHA;QUITO;CUMBAYA;170157
PICHINCHA;QUITO;CHAVEZPAMBA;170158
PICHINCHA;QUITO;CHECA (CHILPA) ;170159
PICHINCHA;QUITO;EL QUINCHE;170160
PICHINCHA;QUITO;GUALEA;170161
PICHINCHA;QUITO;GUANGOPOLO;170162
PICHINCHA;QUITO;GUAYLLABAMBA;170163
PICHINCHA;QUITO;LA MERCED;170164
PICHINCHA;QUITO;LLANO CHICO;170165
PICHINCHA;QUITO;LLOA;170166
PICHINCHA;QUITO;NANEGAL;170168
PICHINCHA;QUITO;NANEGALITO;170169
PICHINCHA;QUITO;NAYON;170170
PICHINCHA;QUITO;NONO;170171
PICHINCHA;QUITO;PACTO;170172
PICHINCHA;QUITO;PERUCHO;170174
PICHINCHA;QUITO;PIFO;170175
PICHINCHA;QUITO;PINTAG;170176
PICHINCHA;QUITO;POMASQUI;170177
PICHINCHA;QUITO;PUELLARO;170178
PICHINCHA;QUITO;PUEMBO;170179
PICHINCHA;QUITO;SAN ANTONIO;170180
PICHINCHA;QUITO;SAN JOSE DE MINAS;170181
PICHINCHA;QUITO;TABABELA;170183
PICHINCHA;QUITO;TUMBACO;170184
PICHINCHA;QUITO;YARUQUI;170185
PICHINCHA;QUITO;ZAMBIZA;170186
PICHINCHA;CAYAMBE;CAYAMBE;170250
PICHINCHA;CAYAMBE;ASCAZUBI;170251
PICHINCHA;CAYAMBE;CANGAHUA ;170252
PICHINCHA;CAYAMBE;OLMEDO (PESILLO);170253
PICHINCHA;CAYAMBE;OTON;170254
PICHINCHA;CAYAMBE;SANTA ROSA DE CUZUBAMBA;170255
PICHINCHA;MEJIA;MACHACHI;170350
PICHINCHA;MEJIA;ALOAG;170351
PICHINCHA;MEJIA;ALOASI;170352
PICHINCHA;MEJIA;CUTUGLAHUA;170353
PICHINCHA;MEJIA;EL CHAUPI;170354
PICHINCHA;MEJIA;MANUEL CORNEJO ASTORGA (TANDAPI);170355
PICHINCHA;MEJIA;TAMBILLO;170356
PICHINCHA;MEJIA;UYUMBICHO;170357
PICHINCHA;PEDRO MONCAYO;TABACUNDO;170450
PICHINCHA;PEDRO MONCAYO;LA ESPERANZA;170451
PICHINCHA;PEDRO MONCAYO;MALCHINGUI;170452
PICHINCHA;PEDRO MONCAYO;TOCACHI;170453
PICHINCHA;PEDRO MONCAYO;TUPIGACHI;170454
PICHINCHA;RUMI헤HUI;SANGOLQUI;170550
PICHINCHA;RUMI헤HUI;COTOGCHOA;170551
PICHINCHA;RUMI헤HUI;RUMIPAMBA;170552
PICHINCHA;SAN MIGUEL DE LOS BANCOS;SAN MIGUEL DE LOS BANCOS ;170750
PICHINCHA;SAN MIGUEL DE LOS BANCOS;MINDO;170751
PICHINCHA;PEDRO VICENTE MALDONADO;PEDRO VICENTE MALDONADO;170850
PICHINCHA;PUERTO QUITO;PUERTO QUITO;170950
TUNGURAHUA;AMBATO;AMBATO;180150
TUNGURAHUA;AMBATO;AMBATILLO;180151
TUNGURAHUA;AMBATO;ATAHUALPA (CHISALATA) ;180152
TUNGURAHUA;AMBATO;AUGUSTO N. MARTINEZ (MUNDUGLEO);180153
TUNGURAHUA;AMBATO;CONSTANTINO FERNANDEZ (CAB. EN CULLITAHUA);180154
TUNGURAHUA;AMBATO;HUACHI GRANDE;180155
TUNGURAHUA;AMBATO;IZAMBA;180156
TUNGURAHUA;AMBATO;JUAN BENIGNO VELA;180157
TUNGURAHUA;AMBATO;MONTALVO;180158
TUNGURAHUA;AMBATO;PASA;180159
TUNGURAHUA;AMBATO;PICAIGUA;180160
TUNGURAHUA;AMBATO;PILAG㏏N (PILAH㏏N);180161
TUNGURAHUA;AMBATO;QUISAPINCHA (QUIZAPINCHA);180162
TUNGURAHUA;AMBATO;SAN BARTOLOME DE PINLLOG;180163
TUNGURAHUA;AMBATO;SAN FERNANDO (PASA SAN FERNANDO);180164
TUNGURAHUA;AMBATO;SANTA ROSA;180165
TUNGURAHUA;AMBATO;TOTORAS;180166
TUNGURAHUA;AMBATO;CUNCHIBAMBA;180167
TUNGURAHUA;AMBATO;UNAMUNCHO;180168
TUNGURAHUA;BA헲S DE AGUA SANTA;BA헲S DE AGUA SANTA;180250
TUNGURAHUA;BA헲S DE AGUA SANTA;LLIGUA;180251
TUNGURAHUA;BA헲S DE AGUA SANTA;RIO NEGRO;180252
TUNGURAHUA;BA헲S DE AGUA SANTA;RIO VERDE;180253
TUNGURAHUA;BA헲S DE AGUA SANTA;ULBA;180254
TUNGURAHUA;CEVALLOS;CEVALLOS;180350
TUNGURAHUA;MOCHA;MOCHA;180450
TUNGURAHUA;MOCHA;PINGUILI;180451
TUNGURAHUA;PATATE;PATATE;180550
TUNGURAHUA;PATATE;EL TRIUNFO;180551
TUNGURAHUA;PATATE;LOS ANDES (CAB. EN POATUG) ;180552
TUNGURAHUA;PATATE;SUCRE (CAB. EN SUCRE-PATATE URCU);180553
TUNGURAHUA;QUERO;QUERO;180650
TUNGURAHUA;QUERO;RUMIPAMBA;180651
TUNGURAHUA;QUERO;YANAYACU - MOCHAPATA (CAB. EN YANAYACU) ;180652
TUNGURAHUA;SAN PEDRO DE PELILEO;PELILEO;180750
TUNGURAHUA;SAN PEDRO DE PELILEO;BENITEZ (PACHANLICA) ;180751
TUNGURAHUA;SAN PEDRO DE PELILEO;BOLIVAR;180752
TUNGURAHUA;SAN PEDRO DE PELILEO;COTALO;180753
TUNGURAHUA;SAN PEDRO DE PELILEO;CHIQUICHA (CAB. EN CHIQUICHA GRANDE);180754
TUNGURAHUA;SAN PEDRO DE PELILEO;EL ROSARIO (RUMICHACA);180755
TUNGURAHUA;SAN PEDRO DE PELILEO;GARCIA MORENO (CHUMAQUI);180756
TUNGURAHUA;SAN PEDRO DE PELILEO;GUAMBALO (HUAMBALO);180757
TUNGURAHUA;SAN PEDRO DE PELILEO;SALASACA;180758
TUNGURAHUA;SANTIAGO DE PILLARO;PILLARO;180850
TUNGURAHUA;SANTIAGO DE PILLARO;BAQUERIZO MORENO;180851
TUNGURAHUA;SANTIAGO DE PILLARO;EMILIO MARIA TERAN (RUMIPAMBA);180852
TUNGURAHUA;SANTIAGO DE PILLARO;MARCOS ESPINEL (CHACATA) ;180853
TUNGURAHUA;SANTIAGO DE PILLARO;PRESIDENTE URBINA (CHAGRAPAMBA -PATZUCUL);180854
TUNGURAHUA;SANTIAGO DE PILLARO;SAN ANDRES;180855
TUNGURAHUA;SANTIAGO DE PILLARO;SAN JOSE DE POALO;180856
TUNGURAHUA;SANTIAGO DE PILLARO;SAN MIGUELITO;180857
TUNGURAHUA;TISALEO;TISALEO;180950
TUNGURAHUA;TISALEO;QUINCHICOTO;180951
ZAMORA CHINCHIPE;ZAMORA;ZAMORA;190150
ZAMORA CHINCHIPE;ZAMORA;CUMBARATZA;190151
ZAMORA CHINCHIPE;ZAMORA;GUADALUPE;190152
ZAMORA CHINCHIPE;ZAMORA;IMBANA (LA VICTORIA DE IMBANA);190153
ZAMORA CHINCHIPE;ZAMORA;SABANILLA;190155
ZAMORA CHINCHIPE;ZAMORA;TIMBARA;190156
ZAMORA CHINCHIPE;ZAMORA;SAN CARLOS DE LAS MINAS;190158
ZAMORA CHINCHIPE;CHINCHIPE;ZUMBA;190250
ZAMORA CHINCHIPE;CHINCHIPE;CHITO;190251
ZAMORA CHINCHIPE;CHINCHIPE;EL CHORRO;190252
ZAMORA CHINCHIPE;CHINCHIPE;LA CHONTA;190254
ZAMORA CHINCHIPE;CHINCHIPE;PUCAPAMBA;190256
ZAMORA CHINCHIPE;CHINCHIPE;SAN ANDRES;190259
ZAMORA CHINCHIPE;NANGARITZA;GUAYZIMI;190350
ZAMORA CHINCHIPE;NANGARITZA;ZURMI;190351
ZAMORA CHINCHIPE;NANGARITZA;NUEVO PARAISO;190352
ZAMORA CHINCHIPE;YACUAMBI;28 DE MAYO (SAN JOSE DE YACUAMBI);190450
ZAMORA CHINCHIPE;YACUAMBI;LA PAZ;190451
ZAMORA CHINCHIPE;YACUAMBI;TUTUPALI;190452
ZAMORA CHINCHIPE;YANTZAZA (YANZATZA);YANTZAZA (YANZATZA);190550
ZAMORA CHINCHIPE;YANTZAZA (YANZATZA);CHICA헤;190551
ZAMORA CHINCHIPE;YANTZAZA (YANZATZA);LOS ENCUENTROS;190553
ZAMORA CHINCHIPE;EL PANGUI;EL PANGUI;190650
ZAMORA CHINCHIPE;EL PANGUI;EL GUISME ;190651
ZAMORA CHINCHIPE;EL PANGUI;PACHICUTZA;190652
ZAMORA CHINCHIPE;EL PANGUI;TUNDAYME;190653
ZAMORA CHINCHIPE;CENTINELA DEL CONDOR;ZUMBI;190750
ZAMORA CHINCHIPE;PALANDA;PALANDA;190850
ZAMORA CHINCHIPE;PALANDA;EL PORVENIR DEL CARMEN;190851
ZAMORA CHINCHIPE;PALANDA;SAN FRANCISCO DEL VERGEL;190852
ZAMORA CHINCHIPE;PALANDA;VALLADOLID;190853
ZAMORA CHINCHIPE;PALANDA;LA CANELA;190854
ZAMORA CHINCHIPE;PAQUISHA;PAQUISHA;190950
ZAMORA CHINCHIPE;PAQUISHA;BELLAVISTA;190951
ZAMORA CHINCHIPE;PAQUISHA;NUEVO QUITO;190952
GALAPAGOS;SAN CRISTOBAL;PUERTO BAQUERIZO MORENO;200150
GALAPAGOS;SAN CRISTOBAL;EL PROGRESO;200151
GALAPAGOS;SAN CRISTOBAL;ISLA SANTA MARIA (FLOREANA) (CAB. EN  PTO. VELASCO IBARRA);200152
GALAPAGOS;ISABELA;PUERTO VILLAMIL;200250
GALAPAGOS;ISABELA;TOMAS DE BERLANGA (SANTO TOMAS);200251
GALAPAGOS;SANTA CRUZ;PUERTO AYORA;200350
GALAPAGOS;SANTA CRUZ;BELLAVISTA;200351
GALAPAGOS;SANTA CRUZ;SANTA ROSA (INCLUYE LA ISLA BALTRA);200352
SUCUMBIOS;LAGO AGRIO;NUEVA LOJA;210150
SUCUMBIOS;LAGO AGRIO;DURENO;210152
SUCUMBIOS;LAGO AGRIO;GENERAL FARFAN;210153
SUCUMBIOS;LAGO AGRIO;EL ENO;210155
SUCUMBIOS;LAGO AGRIO;PACAYACU;210156
SUCUMBIOS;LAGO AGRIO;JAMBELI;210157
SUCUMBIOS;LAGO AGRIO;SANTA CECILIA;210158
SUCUMBIOS;GONZALO PIZARRO;LUMBAQUI;210250
SUCUMBIOS;GONZALO PIZARRO;EL REVENTADOR   ;210251
SUCUMBIOS;GONZALO PIZARRO;GONZALO PIZARRO ;210252
SUCUMBIOS;GONZALO PIZARRO;PUERTO LIBRE;210254
SUCUMBIOS;PUTUMAYO;PUERTO EL CARMEN DEL PUTUMAYO;210350
SUCUMBIOS;PUTUMAYO;PALMA ROJA;210351
SUCUMBIOS;PUTUMAYO;PUERTO BOLIVAR (PUERTO MONTUFAR);210352
SUCUMBIOS;PUTUMAYO;PUERTO RODRIGUEZ;210353
SUCUMBIOS;PUTUMAYO;SANTA ELENA;210354
SUCUMBIOS;SHUSHUFINDI;SHUSHUFINDI;210450
SUCUMBIOS;SHUSHUFINDI;LIMONCOCHA;210451
SUCUMBIOS;SHUSHUFINDI;PA헤COCHA;210452
SUCUMBIOS;SHUSHUFINDI;SAN ROQUE (CAB. EN SAN VICENTE);210453
SUCUMBIOS;SHUSHUFINDI;SAN PEDRO DE LOS COFANES;210454
SUCUMBIOS;SHUSHUFINDI;SIETE DE JULIO;210455
SUCUMBIOS;SUCUMBIOS;LA BONITA;210550
SUCUMBIOS;SUCUMBIOS;EL PLAYON DE SAN FRANCISCO;210551
SUCUMBIOS;SUCUMBIOS;LA SOFIA;210552
SUCUMBIOS;SUCUMBIOS;ROSA FLORIDA;210553
SUCUMBIOS;SUCUMBIOS;SANTA BARBARA;210554
SUCUMBIOS;CASCALES;EL DORADO DE CASCALES;210650
SUCUMBIOS;CASCALES;SANTA ROSA DE SUCUMBIOS;210651
SUCUMBIOS;CASCALES;SEVILLA;210652
SUCUMBIOS;CUYABENO;TARAPOA ;210750
SUCUMBIOS;CUYABENO;CUYABENO;210751
SUCUMBIOS;CUYABENO;AGUAS NEGRAS;210752
ORELLANA;ORELLANA;PUERTO FRANCISCO DE ORELLANA (EL COCA);220150
ORELLANA;ORELLANA;DAYUMA;220151
ORELLANA;ORELLANA;TARACOA (CAB. EN NUEVA ESPERANZA: YUCA);220152
ORELLANA;ORELLANA;ALEJANDRO LABAKA;220153
ORELLANA;ORELLANA;EL DORADO;220154
ORELLANA;ORELLANA;EL EDEN;220155
ORELLANA;ORELLANA;GARCIA MORENO;220156
ORELLANA;ORELLANA;INES ARANGO (CAB. EN WESTERN);220157
ORELLANA;ORELLANA;LA BELLEZA;220158
ORELLANA;ORELLANA;NUEVO PARAISO (CAB. EN UNI흁 CHIMBORAZO);220159
ORELLANA;ORELLANA;SAN JOSE DE GUAYUSA;220160
ORELLANA;ORELLANA;SAN LUIS DE ARMENIA;220161
ORELLANA;AGUARICO;NUEVO ROCAFUERTE;220250
ORELLANA;AGUARICO;CAPITAN AUGUSTO RIVADENEYRA;220251
ORELLANA;AGUARICO;CONONACO;220252
ORELLANA;AGUARICO;SANTA MARIA DE HUIRIRIMA;220253
ORELLANA;AGUARICO;TIPUTINI;220254
ORELLANA;AGUARICO;YASUNI;220255
ORELLANA;LA JOYA DE LOS SACHAS;LA JOYA DE LOS SACHAS;220350
ORELLANA;LA JOYA DE LOS SACHAS;ENOKANQUI ;220351
ORELLANA;LA JOYA DE LOS SACHAS;POMPEYA;220352
ORELLANA;LA JOYA DE LOS SACHAS;SAN CARLOS;220353
ORELLANA;LA JOYA DE LOS SACHAS;SAN SEBASTIAN DEL COCA;220354
ORELLANA;LA JOYA DE LOS SACHAS;LAGO SAN PEDRO;220355
ORELLANA;LA JOYA DE LOS SACHAS;RUMIPAMBA;220356
ORELLANA;LA JOYA DE LOS SACHAS;TRES DE NOVIEMBRE;220357
ORELLANA;LA JOYA DE LOS SACHAS;UNION MILAGRE헤;220358
ORELLANA;LORETO;LORETO;220450
ORELLANA;LORETO;AVILA (CAB. EN HUIRUNO) ;220451
ORELLANA;LORETO;PUERTO MURIALDO;220452
ORELLANA;LORETO;SAN JOSE DE PAYAMINO;220453
ORELLANA;LORETO;SAN JOSE DE DAHUANO;220454
ORELLANA;LORETO;SAN VICENTE DE HUATICOCHA;220455
SANTO DOMINGO DE LOS TSACHILAS;SANTO DOMINGO;SANTO DOMINGO DE LOS COLORADOS;220456
SANTO DOMINGO DE LOS TSACHILAS;SANTO DOMINGO;ALLURIQUIN;220457
SANTO DOMINGO DE LOS TSACHILAS;SANTO DOMINGO;PUERTO LIMON;220458
SANTO DOMINGO DE LOS TSACHILAS;SANTO DOMINGO;LUZ DE AMERICA ;220459
SANTO DOMINGO DE LOS TSACHILAS;SANTO DOMINGO;SAN JACINTO DEL BUA;220460
SANTO DOMINGO DE LOS TSACHILAS;SANTO DOMINGO;VALLE HERMOSO;220461
SANTO DOMINGO DE LOS TSACHILAS;SANTO DOMINGO;EL ESFUERZO;220462
SANTO DOMINGO DE LOS TSACHILAS;SANTO DOMINGO;SANTA MARIA DEL TOACHI;230157
SANTA ELENA;SANTA ELENA;SANTA ELENA;240150
SANTA ELENA;SANTA ELENA;ATAHUALPA;240151
SANTA ELENA;SANTA ELENA;COLONCHE;240152
SANTA ELENA;SANTA ELENA;CHANDUY;240153
SANTA ELENA;SANTA ELENA;MANGLARALTO;240154
SANTA ELENA;SANTA ELENA;SIMON BOLIVAR (JULIO MORENO);240155
SANTA ELENA;SANTA ELENA;SAN JOSE DE ANCON;240156
SANTA ELENA;LA LIBERTAD;LA LIBERTAD;240250
SANTA ELENA;SALINAS;SALINAS;240350
SANTA ELENA;SALINAS;ANCONCITO;240351
SANTA ELENA;SALINAS;JOSE LUIS TAMAYO (MUEY);240352
ZONAS NO DELIMITADAS;ZONAS NO DELIMITADAS;LAS GOLONDRINAS;900151
ZONAS NO DELIMITADAS;ZONAS NO DELIMITADAS;MANGA DEL CURA;900351
ZONAS NO DELIMITADAS;ZONAS NO DELIMITADAS;EL PIEDRERO;900451
